USE `divsalud-bd`;

insert into `usuarios_sistema`(`ID`,`IDENTIFICACION`,`NOMBRES`,`APELLIDOS`,`LOGIN`,`CONTRASENA`,`REGISTRO`,`ACTIVO`,`CARGO`,`CELULAR`,`TELEFONO`,`EXTENSION`) values (7,'34544841','odontologo','odontologo','odontologo','8d969eef6ecad3c29a3a629280e686cf0c3f5d5a86aff3ca12020c923adc6c92','34544841',1,'ODONTOLOGIA','1','','');
insert into `usuarios_sistema`(`ID`,`IDENTIFICACION`,`NOMBRES`,`APELLIDOS`,`LOGIN`,`CONTRASENA`,`REGISTRO`,`ACTIVO`,`CARGO`,`CELULAR`,`TELEFONO`,`EXTENSION`) values (13,'31948952','Secretaria','secretaria','secretaria','8d969eef6ecad3c29a3a629280e686cf0c3f5d5a86aff3ca12020c923adc6c92','',1,'SECRETARIA','1','','');

insert into `estado_civil`(`ID`,`NOMBRE`) values (1,'SOLTERO');
insert into `estado_civil`(`ID`,`NOMBRE`) values (2,'CASADO');
insert into `estado_civil`(`ID`,`NOMBRE`) values (3,'UNION LIBRE');
insert into `estado_civil`(`ID`,`NOMBRE`) values (4,'DIVORSIADO');
insert into `estado_civil`(`ID`,`NOMBRE`) values (5,'VIUDO');

insert into `escolaridad`(`ID`,`NOMBRE`) values (5,'EDUCACIÓN PRIMARIA');
insert into `escolaridad`(`ID`,`NOMBRE`) values (6,'EDUCACIÓN SECUNDARIA');
insert into `escolaridad`(`ID`,`NOMBRE`) values (7,'CICLO COMPLEMENTARIO NORMAL SUPERIOR');
insert into `escolaridad`(`ID`,`NOMBRE`) values (8,'EDUCACION TECNICA PROFESIONAL');
insert into `escolaridad`(`ID`,`NOMBRE`) values (9,'EDUCACION TECNOLOGICA');
insert into `escolaridad`(`ID`,`NOMBRE`) values (10,'EDUCACION PROFESIONAL');
insert into `escolaridad`(`ID`,`NOMBRE`) values (11,'POSGRADO');

insert into `eps`(`ID`,`NOMBRE`) values (1,'NUEVA EPS');
insert into `eps`(`ID`,`NOMBRE`) values (2,'SALUD VIDA SA EPS');
insert into `eps`(`ID`,`NOMBRE`) values (3,'ASMET SALUD');
insert into `eps`(`ID`,`NOMBRE`) values (4,'COSMITET');

insert into `diagnosticocie10_odo`(`ID`,`NOMBRE`) values ('A422',' ACTINOMICOSIS CERVICOFACIAL');
insert into `diagnosticocie10_odo`(`ID`,`NOMBRE`) values ('B002',' GINGIVOESTOMATITIS Y FARINGOAMIGDALITIS HERPETICA');
insert into `diagnosticocie10_odo`(`ID`,`NOMBRE`) values ('B009',' INFECCION DEBIDA A EL VIRUS DEL HERPES, NO ESPECIFICADA');
insert into `diagnosticocie10_odo`(`ID`,`NOMBRE`) values ('B084',' ESTOMATITIS VESICULAR ENTEROVIRAL CON EXANTEMA');
insert into `diagnosticocie10_odo`(`ID`,`NOMBRE`) values ('B370 ','ESTOMATITIS CANDIDIASICA');
insert into `diagnosticocie10_odo`(`ID`,`NOMBRE`) values ('B378',' CANDIDIASIS DE OTROS SITIOS');
insert into `diagnosticocie10_odo`(`ID`,`NOMBRE`) values ('B99 ','OTRAS ENFERMEDADES INFECCIOSAS Y LAS NO ESPECIFICADAS');
insert into `diagnosticocie10_odo`(`ID`,`NOMBRE`) values ('C000',' TUMOR MALIGNO DEL LABIO SUPERIOR, CARA EXTERNA');
insert into `diagnosticocie10_odo`(`ID`,`NOMBRE`) values ('C001',' TUMOR MALIGNO DEL LABIO INFERIOR, CARA EXTERNA');
insert into `diagnosticocie10_odo`(`ID`,`NOMBRE`) values ('C002',' TUMOR MALIGNO DEL LABIO, CARA EXTERNA, SIN OTRA ESPECIFICACIÓN');
insert into `diagnosticocie10_odo`(`ID`,`NOMBRE`) values ('C003',' TUMOR MALIGNO DEL LABIO SUPERIOR, CARA INTERNA');
insert into `diagnosticocie10_odo`(`ID`,`NOMBRE`) values ('C004',' TUMOR MALIGNO DEL LABIO INFERIOR, CARA INTERNA');
insert into `diagnosticocie10_odo`(`ID`,`NOMBRE`) values ('C005',' TUMOR MALIGNO DEL LABIO, CARA INTERNA, SIN OTRA ESPECIFICACION');
insert into `diagnosticocie10_odo`(`ID`,`NOMBRE`) values ('C006',' TUMOR MALIGNO DE LA COMISURA LABIAL');
insert into `diagnosticocie10_odo`(`ID`,`NOMBRE`) values ('C008',' LESION DE SITIOS CONTIGUOS DEL LABIO');
insert into `diagnosticocie10_odo`(`ID`,`NOMBRE`) values ('C009',' TUMOR MALIGNO DEL LABIO, PARTE NO ESPECIFICADA');
insert into `diagnosticocie10_odo`(`ID`,`NOMBRE`) values ('C01 ','TUMOR MALIGNO DE LA BASE DE LA LENGUA');
insert into `diagnosticocie10_odo`(`ID`,`NOMBRE`) values ('C020',' TUMOR MALIGNO DE LA CARA DORSAL DE LA LENGUA');
insert into `diagnosticocie10_odo`(`ID`,`NOMBRE`) values ('C021',' TUMOR MALIGNO DEL BORDE DE LA LENGUA');
insert into `diagnosticocie10_odo`(`ID`,`NOMBRE`) values ('C022',' TUMOR MALIGNO DE LA CARA VENTRAL DE LA LENGUA');
insert into `diagnosticocie10_odo`(`ID`,`NOMBRE`) values ('C023',' TUMOR MALIGNO DE LOS DOS TERCIOS ANTERIORES DE LA LENGUA, PARTE NO ESPECIFICADA');
insert into `diagnosticocie10_odo`(`ID`,`NOMBRE`) values ('C024',' TUMOR MALIGNO DE LA AMIGDALA LINGUAL');
insert into `diagnosticocie10_odo`(`ID`,`NOMBRE`) values ('C028',' LESION DE SITIOS CONTIGUOS DE LA LENGUA');
insert into `diagnosticocie10_odo`(`ID`,`NOMBRE`) values ('C029',' TUMOR MALIGNO DE LA LENGUA, PARTE NO ESPECIFICADA');
insert into `diagnosticocie10_odo`(`ID`,`NOMBRE`) values ('C030',' TUMOR MALIGNO DE LA ENCIA SUPERIOR');
insert into `diagnosticocie10_odo`(`ID`,`NOMBRE`) values ('C031',' TUMOR MALIGNO DE LA ENCIA INFERIOR');
insert into `diagnosticocie10_odo`(`ID`,`NOMBRE`) values ('C039',' TUMOR MALIGNO DE LA ENCIA, PARTE NO ESPECIFICADA');
insert into `diagnosticocie10_odo`(`ID`,`NOMBRE`) values ('C040',' TUMOR MALIGNO DE LA PARTE ANTERIOR DEL PISO DE LA BOCA');
insert into `diagnosticocie10_odo`(`ID`,`NOMBRE`) values ('C041',' TUMOR MALIGNO DE LA PARTE LATERAL DEL PISO DE LA BOCA');
insert into `diagnosticocie10_odo`(`ID`,`NOMBRE`) values ('C048',' LESION DE SITIOS CONTIGUOS DEL PISO DE LA BOCA');
insert into `diagnosticocie10_odo`(`ID`,`NOMBRE`) values ('C049',' TUMOR MALIGNO DEL PISO DE LA BOCA, PARTE NO ESPECIFICADA');
insert into `diagnosticocie10_odo`(`ID`,`NOMBRE`) values ('C050',' TUMOR MALIGNO DEL PALADAR DURO');
insert into `diagnosticocie10_odo`(`ID`,`NOMBRE`) values ('C051',' TUMOR MALIGNO DEL PALADAR BLANDO');
insert into `diagnosticocie10_odo`(`ID`,`NOMBRE`) values ('C052',' TUMOR MALIGNO DE LA UVULA');
insert into `diagnosticocie10_odo`(`ID`,`NOMBRE`) values ('C058',' LESION DE SITIOS CONTIGUOS DEL PALADAR');
insert into `diagnosticocie10_odo`(`ID`,`NOMBRE`) values ('C059',' TUMOR MALIGNO DEL PALADAR, PARTE NO ESPECIFICADA');
insert into `diagnosticocie10_odo`(`ID`,`NOMBRE`) values ('C060',' TUMOR MALIGNO DE LA MUCOSA DE LA MEJILLA');
insert into `diagnosticocie10_odo`(`ID`,`NOMBRE`) values ('C061',' TUMOR MALIGNO DEL VESTIBULO DE LA BOCA');
insert into `diagnosticocie10_odo`(`ID`,`NOMBRE`) values ('C062',' TUMOR MALIGNO DEL AREA RETROMOLAR');
insert into `diagnosticocie10_odo`(`ID`,`NOMBRE`) values ('C068',' LESION DE SITIOS CONTIGUOS DE OTRAS PARTES Y DE LAS NO ESPECIFICADAS DE LA BOCA');
insert into `diagnosticocie10_odo`(`ID`,`NOMBRE`) values ('C069',' TUMOR MALIGNO DE LA BOCA, PARTE NO ESPECIFICADA');
insert into `diagnosticocie10_odo`(`ID`,`NOMBRE`) values ('C07 ','TUMOR MALIGNO DE LA GLANDULA PAROTIDA');
insert into `diagnosticocie10_odo`(`ID`,`NOMBRE`) values ('C080',' TUMOR MALIGNO DE LA GLANDULA SUBMAXILAR');
insert into `diagnosticocie10_odo`(`ID`,`NOMBRE`) values ('C081',' TUMOR MALIGNO DE LA GLANDULA SUBLINGUAL');
insert into `diagnosticocie10_odo`(`ID`,`NOMBRE`) values ('C088',' LESION DE SITIOS CONTIGUOS DE LAS GLANDULAS SALIVALES MAYORES');
insert into `diagnosticocie10_odo`(`ID`,`NOMBRE`) values ('C089',' TUMOR MALIGNO DE GLANDULA SALIVAL MAYOR, NO ESPECIFICADA');
insert into `diagnosticocie10_odo`(`ID`,`NOMBRE`) values ('C098',' LESION DE SITIOS CONTIGUOS DE LA AMIGDALA');
insert into `diagnosticocie10_odo`(`ID`,`NOMBRE`) values ('C109',' TUMOR MALIGNO DE LA OROFARINGE, PARTE NO ESPECIFICADA');
insert into `diagnosticocie10_odo`(`ID`,`NOMBRE`) values ('C148',' LESION DE SITIOS CONTIGUOS DEL LABIO, DE LA CAVIDAD BUCAL Y DE LA LARINGE');
insert into `diagnosticocie10_odo`(`ID`,`NOMBRE`) values ('C310',' TUMOR MALIGNO DEL SENO MAXILAR');
insert into `diagnosticocie10_odo`(`ID`,`NOMBRE`) values ('C318',' LESION DE SITIOS CONTIGUOS DE LOS SENOS PARANASALES');
insert into `diagnosticocie10_odo`(`ID`,`NOMBRE`) values ('C319',' TUMOR MALIGNO DEL SENO PARANASAL NO ESPECIFICADO');
insert into `diagnosticocie10_odo`(`ID`,`NOMBRE`) values ('C410 ','TUMOR MALIGNO DE LOS HUESOS DEL CRANEO Y DE LA CARA');
insert into `diagnosticocie10_odo`(`ID`,`NOMBRE`) values ('C411 ','TUMOR MALIGNO DEL HUESO DEL MAXILAR INFERIOR');
insert into `diagnosticocie10_odo`(`ID`,`NOMBRE`) values ('C430 ','MELANOMA MALIGNO DEL LABIO');
insert into `diagnosticocie10_odo`(`ID`,`NOMBRE`) values ('C440 ','TUMOR MALIGNO DE LA PIEL DEL LABIO');
insert into `diagnosticocie10_odo`(`ID`,`NOMBRE`) values ('C462 ','SARCOMA DE KAPOSI DEL PALADAR');
insert into `diagnosticocie10_odo`(`ID`,`NOMBRE`) values ('C760 ','TUMOR MALIGNO DE LA CABEZA, CARA Y CUELLO');
insert into `diagnosticocie10_odo`(`ID`,`NOMBRE`) values ('D030 ','MELANOMA IN SITU DEL LABIO');
insert into `diagnosticocie10_odo`(`ID`,`NOMBRE`) values ('D040 ','CARCINOMA IN SITU DE LA PIEL DEL LABIO');
insert into `diagnosticocie10_odo`(`ID`,`NOMBRE`) values ('D100 ','TUMOR BENIGNO DEL LABIO');
insert into `diagnosticocie10_odo`(`ID`,`NOMBRE`) values ('D101 ','TUMOR BENIGNO DE LA LENGUA');
insert into `diagnosticocie10_odo`(`ID`,`NOMBRE`) values ('D102 ','TUMOR BENIGNO DEL PISO DE LA BOCA');
insert into `diagnosticocie10_odo`(`ID`,`NOMBRE`) values ('D103 ','TUMOR BENIGNO DE OTRAS PARTES Y DE LAS NO ESPECIFICADAS DE LA BOCA');
insert into `diagnosticocie10_odo`(`ID`,`NOMBRE`) values ('D164 ','TUMOR BENIGNO DE LOS HUESOS DEL CRANEO Y DE LA CARA');
insert into `diagnosticocie10_odo`(`ID`,`NOMBRE`) values ('D165 ','TUMOR BENIGNO DEL MAXILAR INFERIOR');
insert into `diagnosticocie10_odo`(`ID`,`NOMBRE`) values ('D220 ','NEVO MELANOCITICO DEL LABIO');
insert into `diagnosticocie10_odo`(`ID`,`NOMBRE`) values ('D230 ','TUMOR BENIGNO DE LA PIEL DEL LABIO');
insert into `diagnosticocie10_odo`(`ID`,`NOMBRE`) values ('D370 ','TUMOR DE COMPORTAMIENTO INCIERTO O DESCONOCIDO DEL LABIO, DE LA CAVIDAD BUCAL Y DE LA FARINGE');
insert into `diagnosticocie10_odo`(`ID`,`NOMBRE`) values ('D433 ','TUMOR DE COMPORTAMIENTO INCIERTO O DESCONOCIDO DE LOS NERVIOS CRANEALES');
insert into `diagnosticocie10_odo`(`ID`,`NOMBRE`) values ('F808 ','OTROS TRASTORNOS DEL DESARROLLO DEL HABLA Y DEL LENGUAJE');
insert into `diagnosticocie10_odo`(`ID`,`NOMBRE`) values ('F809 ','TRASTORNO DEL DESARROLLO DEL HABLA Y DEL LENGUAJE NO ESPECIFICADO');
insert into `diagnosticocie10_odo`(`ID`,`NOMBRE`) values ('F988 ','OTROS TRASTORNOS EMOCIONALES Y DEL COMPORTAMIENTO QUE APARECEN HABITUALMENTE EN LA NIÑEZ Y EN LA ADOLESCENCIA');
insert into `diagnosticocie10_odo`(`ID`,`NOMBRE`) values ('G500 ','NEURALGIA DEL TRIGEMINO');
insert into `diagnosticocie10_odo`(`ID`,`NOMBRE`) values ('G501 ','DOLOR FACIAL ATIPICO');
insert into `diagnosticocie10_odo`(`ID`,`NOMBRE`) values ('G508 ','OTROS TRASTORNOS DEL TRIGEMINO');
insert into `diagnosticocie10_odo`(`ID`,`NOMBRE`) values ('G509 ','TRASTORNOS DEL TRIGEMINO, NO ESPECIFICADO');
insert into `diagnosticocie10_odo`(`ID`,`NOMBRE`) values ('G510 ','PARALISIS DE BELL');
insert into `diagnosticocie10_odo`(`ID`,`NOMBRE`) values ('G513 ','ESPASMO HEMIFACIAL CLONICO');
insert into `diagnosticocie10_odo`(`ID`,`NOMBRE`) values ('G518 ','OTROS TRASTORNOS DEL NERVIO FACIAL');
insert into `diagnosticocie10_odo`(`ID`,`NOMBRE`) values ('G519 ','TRASTORNOS DEL NERVIO FACIAL, NO ESPECIFICADO');
insert into `diagnosticocie10_odo`(`ID`,`NOMBRE`) values ('G530*',' NEURALGIA POSTHERPES ZOSTER (B02.2†)');
insert into `diagnosticocie10_odo`(`ID`,`NOMBRE`) values ('J320 ','SINUSITIS MAXILAR CRONICA');
insert into `diagnosticocie10_odo`(`ID`,`NOMBRE`) values ('K000 ','ANODONCIA');
insert into `diagnosticocie10_odo`(`ID`,`NOMBRE`) values ('K001 ','DIENTES SUPERNUMERARIOS');
insert into `diagnosticocie10_odo`(`ID`,`NOMBRE`) values ('K002 ','ANOMALIAS DEL TAMAÑO Y DE LA FORMA DEL DIENTE');
insert into `diagnosticocie10_odo`(`ID`,`NOMBRE`) values ('K003 ','DIENTES MOTEADOS');
insert into `diagnosticocie10_odo`(`ID`,`NOMBRE`) values ('K004 ','ALTERACIONES EN LA FORMACION DENTARIA');
insert into `diagnosticocie10_odo`(`ID`,`NOMBRE`) values ('K005 ','ALTERACIONES HEREDITARIAS DE LA ESTRUCTURA DENTARIA, NO CLASIFICADAS EN OTRA PARTE');
insert into `diagnosticocie10_odo`(`ID`,`NOMBRE`) values ('K006 ','ALTERACIONES EN LA ERUPCION DENTARIA');
insert into `diagnosticocie10_odo`(`ID`,`NOMBRE`) values ('K007 ','SINDROME DE LA ERUPCION DENTARIA');
insert into `diagnosticocie10_odo`(`ID`,`NOMBRE`) values ('K008 ','OTROS TRASTORNOS DEL DESARROLLO DE LOS DIENTES');
insert into `diagnosticocie10_odo`(`ID`,`NOMBRE`) values ('K009 ','TRASTORNO DEL DESARROLLO DE LOS DIENTES, NO ESPECIFICADO');
insert into `diagnosticocie10_odo`(`ID`,`NOMBRE`) values ('K010 ','DIENTES INCLUIDOS');
insert into `diagnosticocie10_odo`(`ID`,`NOMBRE`) values ('K011 ','DIENTES IMPACTADOS');
insert into `diagnosticocie10_odo`(`ID`,`NOMBRE`) values ('K020 ','CARIES LIMITADA AL ESMALTE');
insert into `diagnosticocie10_odo`(`ID`,`NOMBRE`) values ('K021 ','CARIES DE LA DENTINA');
insert into `diagnosticocie10_odo`(`ID`,`NOMBRE`) values ('K022 ','CARIES DEL CEMENTO');
insert into `diagnosticocie10_odo`(`ID`,`NOMBRE`) values ('K023 ','CARIES DENTARIA DETENIDA');
insert into `diagnosticocie10_odo`(`ID`,`NOMBRE`) values ('K024 ','ODONTOCLASIA');
insert into `diagnosticocie10_odo`(`ID`,`NOMBRE`) values ('K028 ','OTRAS CARIES DENTALES');
insert into `diagnosticocie10_odo`(`ID`,`NOMBRE`) values ('K029 ','CARIES DENTAL, NO ESPECIFICADA');
insert into `diagnosticocie10_odo`(`ID`,`NOMBRE`) values ('K030',' ATRICION EXCESIVA DE LOS DIENTES');
insert into `diagnosticocie10_odo`(`ID`,`NOMBRE`) values ('K031',' ABRASION DE LOS DIENTES');
insert into `diagnosticocie10_odo`(`ID`,`NOMBRE`) values ('K032',' EROSION DE LOS DIENTES');
insert into `diagnosticocie10_odo`(`ID`,`NOMBRE`) values ('K033',' REABSORCION PATOLOGICA DE LOS DIENTES');
insert into `diagnosticocie10_odo`(`ID`,`NOMBRE`) values ('K034',' HIPERCEMENTOSIS');
insert into `diagnosticocie10_odo`(`ID`,`NOMBRE`) values ('K035',' ANQUILOSIS DENTAL');
insert into `diagnosticocie10_odo`(`ID`,`NOMBRE`) values ('K036',' DEPOSITOS [ACRECIONES] EN LOS DIENTES');
insert into `diagnosticocie10_odo`(`ID`,`NOMBRE`) values ('K037',' CAMBIOS POSTERUPTIVOS DEL COLOR DE LOS TEJIDOS DENTALES DUROS');
insert into `diagnosticocie10_odo`(`ID`,`NOMBRE`) values ('K038',' OTRAS ENFERMEDADES ESPECIFICADAS DE LOS TEJIDOS DUROS DE LOS DIENTES');
insert into `diagnosticocie10_odo`(`ID`,`NOMBRE`) values ('K039',' ENFERMEDAD NO ESPECIFICADA DE LOS TEJIDOS DENTALES DUROS');
insert into `diagnosticocie10_odo`(`ID`,`NOMBRE`) values ('K040',' PULPITIS');
insert into `diagnosticocie10_odo`(`ID`,`NOMBRE`) values ('K041',' NECROSIS DE LA PULPA');
insert into `diagnosticocie10_odo`(`ID`,`NOMBRE`) values ('K042',' DEGENERACION DE LA PULPA');
insert into `diagnosticocie10_odo`(`ID`,`NOMBRE`) values ('K043',' FORMACION ANORMAL DE TEJIDO DURO EN LA PULPA');
insert into `diagnosticocie10_odo`(`ID`,`NOMBRE`) values ('K044',' PERIODONTITIS APICAL AGUDA ORIGINADA EN LA PULPA');
insert into `diagnosticocie10_odo`(`ID`,`NOMBRE`) values ('K045',' PERIODONTITIS APICAL CRONICA');
insert into `diagnosticocie10_odo`(`ID`,`NOMBRE`) values ('K046',' ABSCESO PERIAPICAL CON FISTULA');
insert into `diagnosticocie10_odo`(`ID`,`NOMBRE`) values ('K047',' ABSCESO PERIAPICAL SIN FISTULA');
insert into `diagnosticocie10_odo`(`ID`,`NOMBRE`) values ('K048',' QUISTE RADICULAR');
insert into `diagnosticocie10_odo`(`ID`,`NOMBRE`) values ('K049',' OTRAS ENFERMEDADES Y LAS NO ESPECIFICADAS DE LA PULPA Y DEL TEJIDO PERIAPICAL');
insert into `diagnosticocie10_odo`(`ID`,`NOMBRE`) values ('K050',' GINGIVITIS AGUDA');
insert into `diagnosticocie10_odo`(`ID`,`NOMBRE`) values ('K051',' GINGIVITIS CRONICA');
insert into `diagnosticocie10_odo`(`ID`,`NOMBRE`) values ('K052',' PERIODONTITIS AGUDA');
insert into `diagnosticocie10_odo`(`ID`,`NOMBRE`) values ('K053',' PERIODONTITIS CRONICA');
insert into `diagnosticocie10_odo`(`ID`,`NOMBRE`) values ('K054',' PERIODONTOSIS');
insert into `diagnosticocie10_odo`(`ID`,`NOMBRE`) values ('K055',' OTRAS ENFERMEDADES PERIODONTALES');
insert into `diagnosticocie10_odo`(`ID`,`NOMBRE`) values ('K056',' ENFERMEDAD DE PERIODONTO, NO ESPECIFICADA');
insert into `diagnosticocie10_odo`(`ID`,`NOMBRE`) values ('K060',' RETRACCION GINGIVAL');
insert into `diagnosticocie10_odo`(`ID`,`NOMBRE`) values ('K061',' HIPERPLASIA GINGIVAL');
insert into `diagnosticocie10_odo`(`ID`,`NOMBRE`) values ('K062',' LESIONES DE LA ENCIA Y DE LA ZONA EDENTULA ASOCIADAS CON TRAUMATISMO');
insert into `diagnosticocie10_odo`(`ID`,`NOMBRE`) values ('K068',' OTROS TRASTORNOS ESPECIFICADOS DE LA ENCIA Y DE LA ZONA EDENTULA');
insert into `diagnosticocie10_odo`(`ID`,`NOMBRE`) values ('K069',' TRASTORNO NO ESPECIFICADO DE LA ENCIA Y DE LA ZONA EDENTULA');
insert into `diagnosticocie10_odo`(`ID`,`NOMBRE`) values ('K070',' ANOMALIAS EVIDENTES DEL TAMAÑO DE LOS MAXILARES');
insert into `diagnosticocie10_odo`(`ID`,`NOMBRE`) values ('K071',' ANOMALIAS DE LA RELACION MAXILOBASILAR');
insert into `diagnosticocie10_odo`(`ID`,`NOMBRE`) values ('K072',' ANOMALIAS DE LA RELACION ENTRE LOS ARCOS DENTARIOS');
insert into `diagnosticocie10_odo`(`ID`,`NOMBRE`) values ('K073',' ANOMALIAS DE LA POSICION DEL DIENTE');
insert into `diagnosticocie10_odo`(`ID`,`NOMBRE`) values ('K074',' MALOCLUSION DE TIPO NO ESPECIFICADO');
insert into `diagnosticocie10_odo`(`ID`,`NOMBRE`) values ('K075',' ANOMALIAS DENTOFACIALES FUNCIONALES');
insert into `diagnosticocie10_odo`(`ID`,`NOMBRE`) values ('K076',' TRASTORNOS DE LA ARTICULACION TEMPOROMAXILAR');
insert into `diagnosticocie10_odo`(`ID`,`NOMBRE`) values ('K078',' OTRAS ANOMALIAS DENTOFACIALES');
insert into `diagnosticocie10_odo`(`ID`,`NOMBRE`) values ('K079',' ANOMALIA DENTOFACIAL, NO ESPECIFICADA');
insert into `diagnosticocie10_odo`(`ID`,`NOMBRE`) values ('K080',' EXFOLIACION DE LOS DIENTES DEBIDA A CAUSAS SISTEMICAS');
insert into `diagnosticocie10_odo`(`ID`,`NOMBRE`) values ('K081',' PERDIDA DE DIENTES DEBIDA A ACCIDENTE, EXTRACCION O ENFERMEDAD PERIODONTAL LOCAL');
insert into `diagnosticocie10_odo`(`ID`,`NOMBRE`) values ('K082',' ATROFIA DE REBORDE ALVEOLAR DESDENTADO');
insert into `diagnosticocie10_odo`(`ID`,`NOMBRE`) values ('K083',' RAIZ DENTAL RETENIDA');
insert into `diagnosticocie10_odo`(`ID`,`NOMBRE`) values ('K088',' OTRAS AFECCIONES ESPECIFICADAS DE LOS DIENTES Y DE SUS ESTRUCTURAS DE SOSTEN');
insert into `diagnosticocie10_odo`(`ID`,`NOMBRE`) values ('K089',' TRASTORNO DE LOS DIENTES Y DE SUS ESTRUCTURAS DE SOSTEN, NO ESPECIFICADO');
insert into `diagnosticocie10_odo`(`ID`,`NOMBRE`) values ('K090',' QUISTES ORIGINADOS POR EL DESARROLLO DE LOS DIENTES');
insert into `diagnosticocie10_odo`(`ID`,`NOMBRE`) values ('K091',' QUISTES DE LAS FISURAS (NO ODONTOGENICOS)');
insert into `diagnosticocie10_odo`(`ID`,`NOMBRE`) values ('K092',' OTROS QUISTES DE LOS MAXILARES');
insert into `diagnosticocie10_odo`(`ID`,`NOMBRE`) values ('K098',' OTROS QUISTES DE LA REGION BUCAL, NO CLASIFICADOS EN OTRA PARTE');
insert into `diagnosticocie10_odo`(`ID`,`NOMBRE`) values ('K099',' QUISTE DE LA REGION BUCAL, SIN OTRA ESPECIFICACION');
insert into `diagnosticocie10_odo`(`ID`,`NOMBRE`) values ('K100',' TRASTORNOS DEL DESARROLLO DE LOS MAXILARES');
insert into `diagnosticocie10_odo`(`ID`,`NOMBRE`) values ('K101',' GRANULOMA CENTRAL DE CELULAS GIGANTES');
insert into `diagnosticocie10_odo`(`ID`,`NOMBRE`) values ('K102',' AFECCIONES INFLAMATORIAS DE LOS MAXILARES');
insert into `diagnosticocie10_odo`(`ID`,`NOMBRE`) values ('K103',' ALVEOLITIS DEL MAXILAR');
insert into `diagnosticocie10_odo`(`ID`,`NOMBRE`) values ('K108',' OTRAS ENFERMEDADES ESPECIFICADAS DE LOS MAXILARES');
insert into `diagnosticocie10_odo`(`ID`,`NOMBRE`) values ('K109',' ENFERMEDAD DE LOS MAXILARES, NO ESPECIFICADA');
insert into `diagnosticocie10_odo`(`ID`,`NOMBRE`) values ('K110',' ATROFIA DE GLANDULA SALIVAL');
insert into `diagnosticocie10_odo`(`ID`,`NOMBRE`) values ('K111',' HIPERTROFIA DE GLANDULA SALIVAL');
insert into `diagnosticocie10_odo`(`ID`,`NOMBRE`) values ('K112',' SIALADENITIS');
insert into `diagnosticocie10_odo`(`ID`,`NOMBRE`) values ('K113',' ABSCESO DE GLANDULA SALIVAL');
insert into `diagnosticocie10_odo`(`ID`,`NOMBRE`) values ('K114',' FISTULA DE GLANDULA SALIVAL');
insert into `diagnosticocie10_odo`(`ID`,`NOMBRE`) values ('K115',' SIALOLITIASIS');
insert into `diagnosticocie10_odo`(`ID`,`NOMBRE`) values ('K116',' MUCOCELE DE GLANDULA SALIVAL');
insert into `diagnosticocie10_odo`(`ID`,`NOMBRE`) values ('K117',' ALTERACIONES DE LA SECRECION SALIVAL');
insert into `diagnosticocie10_odo`(`ID`,`NOMBRE`) values ('K118',' OTRAS ENFERMEDADES DE LAS GLANDULAS SALIVALES');
insert into `diagnosticocie10_odo`(`ID`,`NOMBRE`) values ('K119',' ENFERMEDAD DE GLANDULA SALIVAL. NO ESPECIFICADA');
insert into `diagnosticocie10_odo`(`ID`,`NOMBRE`) values ('K120',' ESTOMATITIS AFTOSA RECURRENTE');
insert into `diagnosticocie10_odo`(`ID`,`NOMBRE`) values ('K121',' OTRAS FORMAS DE ESTOMATITIS');
insert into `diagnosticocie10_odo`(`ID`,`NOMBRE`) values ('K122',' CELULITIS Y ABSCESO DE BOCA');
insert into `diagnosticocie10_odo`(`ID`,`NOMBRE`) values ('K130',' ENFERMEDADES DE LOS LABIOS');
insert into `diagnosticocie10_odo`(`ID`,`NOMBRE`) values ('K131',' MORDEDURA DEL LABIO Y DE LA MEJILLA');
insert into `diagnosticocie10_odo`(`ID`,`NOMBRE`) values ('K132',' LEUCOPLASIA Y OTRAS ALTERACIONES DEL EPITELIO BUCAL, INCLUYENDO LA LENGUA');
insert into `diagnosticocie10_odo`(`ID`,`NOMBRE`) values ('K133',' LEUCOPLASIA PILOSA');
insert into `diagnosticocie10_odo`(`ID`,`NOMBRE`) values ('K134',' GRANULOMA Y LESIONES SEMEJANTES DE LA MUCOSA BUCAL');
insert into `diagnosticocie10_odo`(`ID`,`NOMBRE`) values ('K135',' FIBROSIS DE LA SUBMUCOSA BUCAL');
insert into `diagnosticocie10_odo`(`ID`,`NOMBRE`) values ('K136',' HIPERPLASIA IRRITATIVA DE LA MUCOSA BUCAL');
insert into `diagnosticocie10_odo`(`ID`,`NOMBRE`) values ('K137',' OTRAS LESIONES Y LAS NO ESPECIFICADAS DE LA MUCOSA BUCAL');
insert into `diagnosticocie10_odo`(`ID`,`NOMBRE`) values ('K140',' GLOSITIS');
insert into `diagnosticocie10_odo`(`ID`,`NOMBRE`) values ('K141',' LENGUA GEOGRAFICA');
insert into `diagnosticocie10_odo`(`ID`,`NOMBRE`) values ('K142',' GLOSITIS ROMBOIDEA MEDIANA');
insert into `diagnosticocie10_odo`(`ID`,`NOMBRE`) values ('K143',' HIPERTROFIA DE LAS PAPILAS LINGUALES');
insert into `diagnosticocie10_odo`(`ID`,`NOMBRE`) values ('K144',' ATROFIA DE LAS PAPILAS LINGUALES');
insert into `diagnosticocie10_odo`(`ID`,`NOMBRE`) values ('K145',' LENGUA PLEGADA');
insert into `diagnosticocie10_odo`(`ID`,`NOMBRE`) values ('K146',' GLOSODINIA');
insert into `diagnosticocie10_odo`(`ID`,`NOMBRE`) values ('K148',' OTRAS ENFERMEDADES DE LA LENGUA');
insert into `diagnosticocie10_odo`(`ID`,`NOMBRE`) values ('K149',' ENFERMEDAD DE LA LENGUA, NO ESPECIFICADA');
insert into `diagnosticocie10_odo`(`ID`,`NOMBRE`) values ('L032',' CELULITIS DE LA CARA');
insert into `diagnosticocie10_odo`(`ID`,`NOMBRE`) values ('O293',' REACCION TOXICA A LA ANESTESIA LOCAL ADMINISTRADA DURANTE EL EMBARAZO');
insert into `diagnosticocie10_odo`(`ID`,`NOMBRE`) values ('Q351',' FISURA DEL PALADAR DURO');
insert into `diagnosticocie10_odo`(`ID`,`NOMBRE`) values ('Q353',' FISURA DEL PALADAR BLANDO');
insert into `diagnosticocie10_odo`(`ID`,`NOMBRE`) values ('Q355',' FISURA DEL PALADAR DURO Y DEL PALADAR BLANDO');
insert into `diagnosticocie10_odo`(`ID`,`NOMBRE`) values ('Q356',' FISURA DEL PALADAR, LINEA MEDIA');
insert into `diagnosticocie10_odo`(`ID`,`NOMBRE`) values ('Q357',' FISURA DE LA UVULA');
insert into `diagnosticocie10_odo`(`ID`,`NOMBRE`) values ('Q359',' FISURA DEL PALADAR, SIN OTRA ESPECIFICACION');
insert into `diagnosticocie10_odo`(`ID`,`NOMBRE`) values ('Q360',' LABIO LEPORINO, BILATERAL');
insert into `diagnosticocie10_odo`(`ID`,`NOMBRE`) values ('Q361',' LABIO LEPORINO, LINEA MEDIA');
insert into `diagnosticocie10_odo`(`ID`,`NOMBRE`) values ('Q369',' LABIO LEPORINO, UNILATERAL');
insert into `diagnosticocie10_odo`(`ID`,`NOMBRE`) values ('Q370',' FISURA DEL PALADAR DURO CON LABIO LEPORINO BILATERAL');
insert into `diagnosticocie10_odo`(`ID`,`NOMBRE`) values ('Q371',' FISURA DEL PALADAR DURO CON LABIO LEPORINO, UNILATERAL');
insert into `diagnosticocie10_odo`(`ID`,`NOMBRE`) values ('Q372',' FISURA DEL PALADAR BLANDO CON LABIO LEPORINO BILATERAL');
insert into `diagnosticocie10_odo`(`ID`,`NOMBRE`) values ('Q373',' FISURA DEL PALADAR BLANDO CON LABIO LEPORINO UNILATERAL');
insert into `diagnosticocie10_odo`(`ID`,`NOMBRE`) values ('Q374',' FISURA DEL PALADAR DURO Y DEL PALADAR BLANDO CON LABIO LEPORINO BILATERAL');
insert into `diagnosticocie10_odo`(`ID`,`NOMBRE`) values ('Q375',' FISURA DEL PALADAR DURO Y DEL PALADAR BLANDO CON LABIO LEPORINO UNILATERAL');
insert into `diagnosticocie10_odo`(`ID`,`NOMBRE`) values ('Q378',' FISURA DEL PALADAR CON LABIO LEPORINO BILATERAL, SIN OTRA ESPECIFICACION');
insert into `diagnosticocie10_odo`(`ID`,`NOMBRE`) values ('Q379',' FISURA DEL PALADAR CON LABIO LEPORINO UNILATERAL, SIN OTRA ESPECIFICACION');
insert into `diagnosticocie10_odo`(`ID`,`NOMBRE`) values ('Q380',' MALFORMACIONES CONGENITAS DE LOS LABIOS, NO CLASIFICADAS EN OTRA PARTE');
insert into `diagnosticocie10_odo`(`ID`,`NOMBRE`) values ('Q381',' ANQUILOGLOSIA');
insert into `diagnosticocie10_odo`(`ID`,`NOMBRE`) values ('Q382',' MACROGLOSIA');
insert into `diagnosticocie10_odo`(`ID`,`NOMBRE`) values ('Q383',' OTRAS MALFORMACIONES CONGENITAS DE LA LENGUA');
insert into `diagnosticocie10_odo`(`ID`,`NOMBRE`) values ('Q384',' MALFORMACIONES CONGENITAS DE LAS GLANDULAS Y DE LOS CONDUCTOS SALIVALES');
insert into `diagnosticocie10_odo`(`ID`,`NOMBRE`) values ('Q385',' MALFORMACIONES CONGENITAS DEL PALADAR, NO CLASIFICADAS EN OTRA PARTE');
insert into `diagnosticocie10_odo`(`ID`,`NOMBRE`) values ('Q386',' OTRAS MALFORMACIONES CONGENITAS DE LA BOCA');
insert into `diagnosticocie10_odo`(`ID`,`NOMBRE`) values ('Q754',' DISOSTOSIS MAXILOFACIAL');
insert into `diagnosticocie10_odo`(`ID`,`NOMBRE`) values ('Q758',' OTRAS MALFORMACIONES CONGENITAS ESPECIFICADAS DE LOS HUESOS DEL CRANEO Y DE LA CARA');
insert into `diagnosticocie10_odo`(`ID`,`NOMBRE`) values ('Q759',' MALFORMACION CONGENITA NO ESPECIFICADA DE LOS HUESOS DEL CRANEO Y DE LA CARA');
insert into `diagnosticocie10_odo`(`ID`,`NOMBRE`) values ('R040',' EPISTAXIS');
insert into `diagnosticocie10_odo`(`ID`,`NOMBRE`) values ('S014',' HERIDA DE LA MEJILLA Y DE LA REGION TEMPOROMANDIBULAR');
insert into `diagnosticocie10_odo`(`ID`,`NOMBRE`) values ('S015',' HERIDA DEL LABIO Y DE LA CAVIDAD BUCAL');
insert into `diagnosticocie10_odo`(`ID`,`NOMBRE`) values ('S023',' FRACTURA DEL SUELO DE LA ORBITA');
insert into `diagnosticocie10_odo`(`ID`,`NOMBRE`) values ('S024',' FRACTURA DEL MALAR Y DEL HUESO MAXILAR SUPERIOR');
insert into `diagnosticocie10_odo`(`ID`,`NOMBRE`) values ('S025',' FRACTURA DE LOS DIENTES');
insert into `diagnosticocie10_odo`(`ID`,`NOMBRE`) values ('S026',' FRACTURA DEL MAXILAR INFERIOR');
insert into `diagnosticocie10_odo`(`ID`,`NOMBRE`) values ('S027',' FRACTURAS MULTIPLES QUE COMPROMETEN EL CRANEO Y LOS HUESOS DE LA CARA');
insert into `diagnosticocie10_odo`(`ID`,`NOMBRE`) values ('S028',' FRACTURA DE OTROS HUESOS DEL CRANEO Y DE LA CARA');
insert into `diagnosticocie10_odo`(`ID`,`NOMBRE`) values ('S030',' LUXACION DEL MAXILAR');
insert into `diagnosticocie10_odo`(`ID`,`NOMBRE`) values ('S032',' LUXACION DE DIENTE');
insert into `diagnosticocie10_odo`(`ID`,`NOMBRE`) values ('S034',' ESGUINCES Y TORCEDURAS DEL MAXILAR');
insert into `diagnosticocie10_odo`(`ID`,`NOMBRE`) values ('S043 ','TRAUMATISMO DEL NERVIO TRIGEMINO [V PAR]');
insert into `diagnosticocie10_odo`(`ID`,`NOMBRE`) values ('S045 ','TRAUMATISMO DEL NERVIO FACIAL [VII PAR]');
insert into `diagnosticocie10_odo`(`ID`,`NOMBRE`) values ('S049 ','TRAUMATISMO DEL NERVIOS CRANEALES, NO ESPECIFICADO');
insert into `diagnosticocie10_odo`(`ID`,`NOMBRE`) values ('T170 ','CUERPO EXTRAÑO EN SENO PARANASAL');
insert into `diagnosticocie10_odo`(`ID`,`NOMBRE`) values ('T180 ','CUERPO EXTRAÑO EN LA BOCA');
insert into `diagnosticocie10_odo`(`ID`,`NOMBRE`) values ('T490 ','ENVENENAMIENTO POR AGENTES TOPICOS QUE AFECTAN PRINCIPALMENTE LA PIEL Y LAS MEMBRANAS MUCOSAS Y POR DROGAS OFTALMOLOGICAS, OTORRINOLARINGOLOGICAS Y DENTALES: DROGAS LOCALES ANTIMICOTICAS, ANTIINFECCIOSAS Y ANTIINFLAMATORIAS, NO CLASIFICADAS EN OTRA PARTE');
insert into `diagnosticocie10_odo`(`ID`,`NOMBRE`) values ('T491',' ENVENENAMIENTO POR AGENTES TOPICOS QUE AFECTAN PRINCIPALMENTE LA PIEL Y LAS MEMBRANAS MUCOSAS Y POR DROGAS OFTALMOLOGICAS, OTORRINOLARINGOLOGICAS Y DENTALES: ANTIPRURITICOS');
insert into `diagnosticocie10_odo`(`ID`,`NOMBRE`) values ('T492',' ENVENENAMIENTO POR AGENTES TOPICOS QUE AFECTAN PRINCIPALMENTE LA PIEL Y LAS MEMBRANAS MUCOSAS Y POR DROGAS OFTALMOLOGICAS, OTORRINOLARINGOLOGICAS Y DENTALES: ASTRINGENTES Y DETERGENTES LOCALES');
insert into `diagnosticocie10_odo`(`ID`,`NOMBRE`) values ('T493',' ENVENENAMIENTO POR AGENTES TOPICOS QUE AFECTAN PRINCIPALMENTE LA PIEL Y LAS MEMBRANAS MUCOSAS Y POR DROGAS OFTALMOLOGICAS, OTORRINOLARINGOLOGICAS Y DENTALES: EMOLIENTES, DEMULCENTES Y PROTECTORES');
insert into `diagnosticocie10_odo`(`ID`,`NOMBRE`) values ('T494',' ENVENENENAMIENTO POR AGENTES TOPICOS QUE AFECTAN PRINCIPALMENTE LA PIEL Y LAS MEMBRANAS MUCOSAS Y POR DROGAS OFTALMOLOGICAS, OTORRINOLARINGOLOGICAS Y DENTALES: QUERATOLITICOS, QUERATOPLASTICOS, DROGAS Y OTRAS PREPARACIONES PARA EL TRATAMIENTO DEL CABELLO');
insert into `diagnosticocie10_odo`(`ID`,`NOMBRE`) values ('T495',' ENVENENAMIENTO POR AGENTES TOPICOS QUE AFECTAN PRINCIPALMENTE LA PIEL Y LAS MEMBRANAS MUCOSAS Y POR DROGAS OFTALMOLOGICAS, OTORRINOLARINGOLOGICAS Y DENTALES: DROGAS Y PREPARACIONES OFTALMOLOGICAS');
insert into `diagnosticocie10_odo`(`ID`,`NOMBRE`) values ('T496',' ENVENENAMIENTO POR AGENTES TOPICOS QUE AFECTAN PRINCIPALMENTE LA PIEL Y LAS MEMBRANAS MUCOSAS Y POR DROGAS OFTALMOLOGICAS, OTORRINOLARINGOLOGICAS Y DENTALES: DROGAS Y PREPARACIONES OTORRINOLARINGOLOGICAS');
insert into `diagnosticocie10_odo`(`ID`,`NOMBRE`) values ('T497',' ENVENENAMIENTO POR AGENTES TOPICOS QUE AFECTAN PRINCIPALMENTE LA PIEL Y LAS MEMBRANAS MUCOSAS Y POR DROGAS OFTALMOLOGICAS, OTORRINOLARINGOLOGICAS Y DENTALES: DROGAS DENTALES, APLICADAS TOPICAMENTE');
insert into `diagnosticocie10_odo`(`ID`,`NOMBRE`) values ('T498',' ENVENENAMIENTO POR AGENTES TOPICOS QUE AFECTAN PRINCIPALMENTE LA PIEL Y LAS MEMBRANAS MUCOSAS Y POR DROGAS OFTALMOLOGICAS, OTORRINOLARINGOLOGICAS Y DENTALES: OTROS AGENTES TOPICOS');
insert into `diagnosticocie10_odo`(`ID`,`NOMBRE`) values ('T499',' ENVENENAMIENTO POR AGENTES TOPICOS QUE AFECTAN PRINCIPALMENTE LA PIEL Y LAS MEMBRANAS MUCOSAS Y POR DROGAS OFTALMOLOGICAS, OTORRINOLARINGOLOGICAS Y DENTALES: AGENTES TOPICOS, NO ESPECIFICADOS');
insert into `diagnosticocie10_odo`(`ID`,`NOMBRE`) values ('T784','ALERGIA NO ESPECIFICADA');
insert into `diagnosticocie10_odo`(`ID`,`NOMBRE`) values ('T882',' CHOQUE DEBIDA A ANESTESIA');
insert into `diagnosticocie10_odo`(`ID`,`NOMBRE`) values ('T883',' HIPERTERMIA MALIGNA DEBIDA A ANESTESIA');
insert into `diagnosticocie10_odo`(`ID`,`NOMBRE`) values ('T885',' OTRAS COMPLICACIONES DE LA ANESTESIA');
insert into `diagnosticocie10_odo`(`ID`,`NOMBRE`) values ('T886',' CHOQUE ANAFILACTICO DEBIDO A EFECTO ADVERSO DE DROGA O MEDICAMENTO CORRECTO ADMINISTRADO APROPIADAMENTE');
insert into `diagnosticocie10_odo`(`ID`,`NOMBRE`) values ('Y400',' EFECTOS ADVERSOS DE PENICILINAS');
insert into `diagnosticocie10_odo`(`ID`,`NOMBRE`) values ('Y401',' EFECTOS ADVERSOS DE CEFALOSPORINAS Y OTROS ANTIBIOTICOS BETALACTAMICOS');
insert into `diagnosticocie10_odo`(`ID`,`NOMBRE`) values ('Y403',' EFECTOS ADVERSOS DE LOS MACROLIDOS');
insert into `diagnosticocie10_odo`(`ID`,`NOMBRE`) values ('Y404',' EFECTOS ADVERSOS DE TETRACICLINAS');
insert into `diagnosticocie10_odo`(`ID`,`NOMBRE`) values ('Y405',' EFECTOS ADVERSOS DE AMINOGLICOSIDOS');
insert into `diagnosticocie10_odo`(`ID`,`NOMBRE`) values ('Y406',' EFECTOS ADVERSOS DE RIFAMICINAS');
insert into `diagnosticocie10_odo`(`ID`,`NOMBRE`) values ('Y407',' EFECTOS ADVERSOS DE ANTIBIOTICOS ANTIMICOTICOS USADOS SISTEMATICAMENTE');
insert into `diagnosticocie10_odo`(`ID`,`NOMBRE`) values ('Y408',' EFECTOS ADVERSOS DE OTROS ANTIBIOTICOS SISTEMICOS');
insert into `diagnosticocie10_odo`(`ID`,`NOMBRE`) values ('Y409',' EFECTOS ADVERSOS DE ANTIBIOTICO SISTEMICO NO ESPECIFICADO');
insert into `diagnosticocie10_odo`(`ID`,`NOMBRE`) values ('Y410',' EFECTOS ADVERSOS DE SULFONAMIDAS');
insert into `diagnosticocie10_odo`(`ID`,`NOMBRE`) values ('Y411',' EFECTOS ADVERSOS DE DROGAS ANTIMICOBACTERIANAS');
insert into `diagnosticocie10_odo`(`ID`,`NOMBRE`) values ('Y458',' EFECTOS ADVERSOS DE OTROS ANALGESICOS Y ANTIPIRETICOS');
insert into `diagnosticocie10_odo`(`ID`,`NOMBRE`) values ('Y459',' EFECTOS ADVERSOS DE DROGAS ANALGESICAS, ANTIPIRETICAS Y ANTIINFLAMATORIAS NO ESPECIFICADAS');
insert into `diagnosticocie10_odo`(`ID`,`NOMBRE`) values ('Y483',' EFECTOS ADVERSOS DE GASES ANESTESICOS LOCALES');
insert into `diagnosticocie10_odo`(`ID`,`NOMBRE`) values ('Y484',' EFECTOS ADVERSOS DE ANESTESICOS NO ESPECIFICADOS');
insert into `diagnosticocie10_odo`(`ID`,`NOMBRE`) values ('Y850',' SECUELAS DE ACCIDENTE DE VEHICULO DE MOTOR');
insert into `diagnosticocie10_odo`(`ID`,`NOMBRE`) values ('Y859',' SECUELAS DE OTROS ACCIDENTES DE TRANSPORTE, Y LOS NO ESPECIFICADOS');
insert into `diagnosticocie10_odo`(`ID`,`NOMBRE`) values ('Y86 ','SECUELAS DE OTROS ACCIDENTES');
insert into `diagnosticocie10_odo`(`ID`,`NOMBRE`) values ('Y870',' SECUELAS DE LESIONES AUTOINFLIGIDAS');
insert into `diagnosticocie10_odo`(`ID`,`NOMBRE`) values ('Y871',' SECUELAS DE AGRESIONES');
insert into `diagnosticocie10_odo`(`ID`,`NOMBRE`) values ('Y872',' SECUELAS DE EVENTOS DE INTENCION NO DETERMINADA');
insert into `diagnosticocie10_odo`(`ID`,`NOMBRE`) values ('Y880','SECUELAS DE EFECTOS ADVERSOS CAUSADOS POR DROGAS, MEDICAMENTOS Y SUSTANCIAS BIOLOGICAS EN SU USO TERAPEUTICO');
insert into `diagnosticocie10_odo`(`ID`,`NOMBRE`) values ('Y881',' SECUELAS DE INCIDENTES OCURRIDOS AL PACIENTE DURANTE PROCEDIMIENTOS MEDICOS Y QUIRURGICOS');
insert into `diagnosticocie10_odo`(`ID`,`NOMBRE`) values ('Y882',' SECUELAS DE INCIDENTES ADVERSOS ASOCIADOS CON DISPOSITIVOS MEDICOS EN USO DIAGNOSTICO Y TERAPEUTICO');
insert into `diagnosticocie10_odo`(`ID`,`NOMBRE`) values ('Y883','SECUELAS DE PROCEDIMIENTOS MEDICOS Y QUIRURGICOS COMO LA CAUSA DE REACCION ANORMAL DEL PACIENTE O DE COMPLICACION POSTERIOR, SIN MENCION DE INCIDENTE EN EL MOMENTO DE EFECTUAR EL PROCEDIMIENTO');
insert into `diagnosticocie10_odo`(`ID`,`NOMBRE`) values ('Y890','SECUELAS DE INTERVENCION LEGAL');
insert into `diagnosticocie10_odo`(`ID`,`NOMBRE`) values ('Y891 ','SECUELAS DE OPERACIONES DE GUERRA');
insert into `diagnosticocie10_odo`(`ID`,`NOMBRE`) values ('Y899 ','SECUELAS DE CAUSA EXTERNA NO ESPECIFICADA');
insert into `diagnosticocie10_odo`(`ID`,`NOMBRE`) values ('Z012 ','EXAMEN ODONTOLOGICO');
insert into `diagnosticocie10_odo`(`ID`,`NOMBRE`) values ('Z463 ','PRUEBA Y AJUSTE DE PROTESIS DENTAL');
insert into `diagnosticocie10_odo`(`ID`,`NOMBRE`) values ('Z464 ','PRUEBA Y AJUSTE DE DISPOSITIVO ORTODONCICO');
insert into `diagnosticocie10_odo`(`ID`,`NOMBRE`) values ('Z965 ','PRESENCIA DE IMPLANTES DE RAIZ DE DIENTE Y DE MANDIBULA');

insert into `depto`(`ID`,`NOMBRE`) values (1,'AMAZONAS');
insert into `depto`(`ID`,`NOMBRE`) values (2,'ANTIOQUIA');
insert into `depto`(`ID`,`NOMBRE`) values (3,'ARAUCA');
insert into `depto`(`ID`,`NOMBRE`) values (4,'ATLANTICO');
insert into `depto`(`ID`,`NOMBRE`) values (5,'BOLIVAR');
insert into `depto`(`ID`,`NOMBRE`) values (6,'BOYACA');
insert into `depto`(`ID`,`NOMBRE`) values (7,'CALDAS');
insert into `depto`(`ID`,`NOMBRE`) values (8,'CAQUETA');
insert into `depto`(`ID`,`NOMBRE`) values (9,'CASANARE');
insert into `depto`(`ID`,`NOMBRE`) values (10,'CAUCA');
insert into `depto`(`ID`,`NOMBRE`) values (11,'CESAR');
insert into `depto`(`ID`,`NOMBRE`) values (12,'CHOCO');
insert into `depto`(`ID`,`NOMBRE`) values (13,'CORDOBA');
insert into `depto`(`ID`,`NOMBRE`) values (14,'CUNDINAMARCA');
insert into `depto`(`ID`,`NOMBRE`) values (15,'GUAINIA');
insert into `depto`(`ID`,`NOMBRE`) values (16,'GUAVIARE');
insert into `depto`(`ID`,`NOMBRE`) values (17,'HUILA');
insert into `depto`(`ID`,`NOMBRE`) values (18,'LA GUAJIRA');
insert into `depto`(`ID`,`NOMBRE`) values (19,'MAGDALENA');
insert into `depto`(`ID`,`NOMBRE`) values (20,'META');
insert into `depto`(`ID`,`NOMBRE`) values (21,'N. DE SANTANDER');
insert into `depto`(`ID`,`NOMBRE`) values (22,'NARIÑO');
insert into `depto`(`ID`,`NOMBRE`) values (23,'PUTUMAYO');
insert into `depto`(`ID`,`NOMBRE`) values (24,'QUINDIO');
insert into `depto`(`ID`,`NOMBRE`) values (25,'RISARALDA');
insert into `depto`(`ID`,`NOMBRE`) values (26,'SAN ANDRES');
insert into `depto`(`ID`,`NOMBRE`) values (27,'SANTANDER');
insert into `depto`(`ID`,`NOMBRE`) values (28,'SUCRE');
insert into `depto`(`ID`,`NOMBRE`) values (29,'TOLIMA');
insert into `depto`(`ID`,`NOMBRE`) values (30,'VALLE DEL CAUCA');
insert into `depto`(`ID`,`NOMBRE`) values (31,'VAUPES');
insert into `depto`(`ID`,`NOMBRE`) values (32,'VICHADA');

insert into `categoria_usuario`(`ID`,`NOMBRE`) values (2,'MEDICO');
insert into `categoria_usuario`(`ID`,`NOMBRE`) values (3,'ENFERMERIA');
insert into `categoria_usuario`(`ID`,`NOMBRE`) values (4,'OTRA ESPECIALIDAD DE SALUD');
insert into `categoria_usuario`(`ID`,`NOMBRE`) values (5,'USUARIO OTRAS  DEPENDENCIAS');

insert into `tipo_regimen`(`ID`,`NOMBRE`) values (1,'CONTRIBUTIVO');
insert into `tipo_regimen`(`ID`,`NOMBRE`) values (2,'SUBSIDIADO');
insert into `tipo_regimen`(`ID`,`NOMBRE`) values (3,'VINCULADO');
insert into `tipo_regimen`(`ID`,`NOMBRE`) values (4,'PARTICULAR');
insert into `tipo_regimen`(`ID`,`NOMBRE`) values (5,'OTRO');

insert into `categoria_afiliado`(`ID`,`NOMBRE`,`CUOTA_COT`,`ID_REGIMEN`,`COPAGO_COT`,`CUOTA_BEN`,`COPAGO_BEN`,`MAX_COPAGO`) values (1,'A',2100,1,'0',2100,'11.5',100000);
insert into `categoria_afiliado`(`ID`,`NOMBRE`,`CUOTA_COT`,`ID_REGIMEN`,`COPAGO_COT`,`CUOTA_BEN`,`COPAGO_BEN`,`MAX_COPAGO`) values (2,'B',4500,1,'0',4500,'17.3',300000);
insert into `categoria_afiliado`(`ID`,`NOMBRE`,`CUOTA_COT`,`ID_REGIMEN`,`COPAGO_COT`,`CUOTA_BEN`,`COPAGO_BEN`,`MAX_COPAGO`) values (3,'C',7300,1,'0',7300,'23',500000);
insert into `categoria_afiliado`(`ID`,`NOMBRE`,`CUOTA_COT`,`ID_REGIMEN`,`COPAGO_COT`,`CUOTA_BEN`,`COPAGO_BEN`,`MAX_COPAGO`) values (4,'NA',0,2,'0',0,'0',0);

insert into `tipo_usuario`(`ID`,`NOMBRE`,`ID_CATEGORIA_USUARIO`) values (1,'MEDICINA GENERAL',2);
insert into `tipo_usuario`(`ID`,`NOMBRE`,`ID_CATEGORIA_USUARIO`) values (2,'MEDICINA ESPECIALIZADA',2);
insert into `tipo_usuario`(`ID`,`NOMBRE`,`ID_CATEGORIA_USUARIO`) values (3,'ENFERMERIA SUPERIOR',3);
insert into `tipo_usuario`(`ID`,`NOMBRE`,`ID_CATEGORIA_USUARIO`) values (4,'AUXILIAR ENFERMERIA',3);
insert into `tipo_usuario`(`ID`,`NOMBRE`,`ID_CATEGORIA_USUARIO`) values (5,'FONOAUDIOLOGIA',4);
insert into `tipo_usuario`(`ID`,`NOMBRE`,`ID_CATEGORIA_USUARIO`) values (6,'FISIOTERAPIA',4);
insert into `tipo_usuario`(`ID`,`NOMBRE`,`ID_CATEGORIA_USUARIO`) values (7,'SICOLOGIA',4);
insert into `tipo_usuario`(`ID`,`NOMBRE`,`ID_CATEGORIA_USUARIO`) values (8,'OTROS',5);
insert into `tipo_usuario`(`ID`,`NOMBRE`,`ID_CATEGORIA_USUARIO`) values (9,'ODONTOLOGIA',4);
insert into `tipo_usuario`(`ID`,`NOMBRE`,`ID_CATEGORIA_USUARIO`) values (10,'BACTERIOLOGO(A)',4);
insert into `tipo_usuario`(`ID`,`NOMBRE`,`ID_CATEGORIA_USUARIO`) values (12,'AUXILIAR DE HIGUIENE ORAL',4);

insert into `tipo_identificacion`(`ID`,`NOMBRE`) values ('AS','ADULTO SIN IDENTIFICACION');
insert into `tipo_identificacion`(`ID`,`NOMBRE`) values ('CC','CEDULA');
insert into `tipo_identificacion`(`ID`,`NOMBRE`) values ('CE','CEDULA DE EXTRANJERIA');
insert into `tipo_identificacion`(`ID`,`NOMBRE`) values ('MS','MENOR SIN IDENTIFICACION');
insert into `tipo_identificacion`(`ID`,`NOMBRE`) values ('NU','NUMERO UNICO DE IDENTIFICACION');
insert into `tipo_identificacion`(`ID`,`NOMBRE`) values ('PA','PASAPORTE');
insert into `tipo_identificacion`(`ID`,`NOMBRE`) values ('RC','REGISTRO CIVIL');
insert into `tipo_identificacion`(`ID`,`NOMBRE`) values ('TI','TARJETA DE IDENTIDAD');

insert into `tipodiagnostico`(`ID`,`NOMBRE`) values (1,'Impresión diagnostico');
insert into `tipodiagnostico`(`ID`,`NOMBRE`) values (2,'Confirmado nuevo');
insert into `tipodiagnostico`(`ID`,`NOMBRE`) values (3,'Confirmado repetido');

insert into `tipo_afiliado`(`ID`,`NOMBRE`) values (1,'COTIZANTE');
insert into `tipo_afiliado`(`ID`,`NOMBRE`) values (2,'BENEFICIARIO');
insert into `tipo_afiliado`(`ID`,`NOMBRE`) values (3,'ADICIONAL');
insert into `tipo_afiliado`(`ID`,`NOMBRE`) values (4,'OTRO');

insert into `raza`(`ID`,`NOMBRE`) values (1,'BLANCA');
insert into `raza`(`ID`,`NOMBRE`) values (2,'AFRODESCENDIENTE');
insert into `raza`(`ID`,`NOMBRE`) values (3,'INDIGENA');
insert into `raza`(`ID`,`NOMBRE`) values (4,'MESTIZO');
insert into `raza`(`ID`,`NOMBRE`) values (5,'MULATO');
insert into `raza`(`ID`,`NOMBRE`) values (6,'ZAMBO');
insert into `raza`(`ID`,`NOMBRE`) values (7,'OTRAS');

insert into `estrato`(`ID`,`NOMBRE`) values (1,'1');
insert into `estrato`(`ID`,`NOMBRE`) values (2,'2');
insert into `estrato`(`ID`,`NOMBRE`) values (3,'3');
insert into `estrato`(`ID`,`NOMBRE`) values (4,'4');
insert into `estrato`(`ID`,`NOMBRE`) values (5,'5');
insert into `estrato`(`ID`,`NOMBRE`) values (6,'6');

insert into `facultad`(`ID`,`NOMBRE`, `estado`) values (1,'Facultad de Artes', 0);
insert into `facultad`(`ID`,`NOMBRE`, `estado`) values (2,'Facultad de Ciencias Agrarias', 0);
insert into `facultad`(`ID`,`NOMBRE`, `estado`) values (3,'Facultad de Ciencias de la Salud', 0);
insert into `facultad`(`ID`,`NOMBRE`, `estado`) values (4,'Facultad de Ciencias Contables, Económicas y Administrativas', 0);
insert into `facultad`(`ID`,`NOMBRE`, `estado`) values (5,'Facultad de Ciencias Humanas y Sociales', 0);
insert into `facultad`(`ID`,`NOMBRE`, `estado`) values (6,'Facultad de Ciencias Naturales, Exactas y de la Educación', 0);
insert into `facultad`(`ID`,`NOMBRE`, `estado`) values (7,'Facultad de Derecho, Ciencias Políticas y Sociales', 0);
insert into `facultad`(`ID`,`NOMBRE`, `estado`) values (8,'Facultad de Ingeniería Civil', 0);
insert into `facultad`(`ID`,`NOMBRE`, `estado`) values (9,'Facultad de Ingeniería Electrónica y Telecomunicaciones', 0);

insert into `grupo_usuario_tipo`(`id_usuario`,`id_tipo`,`login`) values (7,12,'odontologo');
insert into `grupo_usuario_tipo`(`id_usuario`,`id_tipo`,`login`) values (13,8,'secretaria');

insert into `parentesco`(`ID`,`NOMBRE`) values (1,'CONYUGUE O COMPAÑERO(A)');
insert into `parentesco`(`ID`,`NOMBRE`) values (2,'HIJO(A)');
insert into `parentesco`(`ID`,`NOMBRE`) values (3,'PADRE O MADRE');
insert into `parentesco`(`ID`,`NOMBRE`) values (4,'SEGUNDO GRADO DE CONSAGUINIDAD(HERMANOS)');
insert into `parentesco`(`ID`,`NOMBRE`) values (5,'TERCER GRADO DE CONSAGUINIDAD');
insert into `parentesco`(`ID`,`NOMBRE`) values (6,'MENOR DE 12 AÑOS SIN CONSAGUINIDAD');
insert into `parentesco`(`ID`,`NOMBRE`) values (7,'PADRE O MADRE DEL CONYUGUE');
insert into `parentesco`(`ID`,`NOMBRE`) values (8,'OTROS MIEMBROS PARIENTES');
insert into `parentesco`(`ID`,`NOMBRE`) values (9,'CABEZA DEL GRUPO FAMILIAR');
insert into `parentesco`(`ID`,`NOMBRE`) values (10,'OTRO - NO FAMILIAR');

insert into `programas`(`ID`,`NOMBRE`,`FACULTAD`, `estado`) values (1,'Administración de Empresas',4, 0);
insert into `programas`(`ID`,`NOMBRE`,`FACULTAD`, `estado`) values (2,'Antropología',5, 0);
insert into `programas`(`ID`,`NOMBRE`,`FACULTAD`, `estado`) values (3,'Artes Plásticas',1, 0);
insert into `programas`(`ID`,`NOMBRE`,`FACULTAD`, `estado`) values (4,'Biología',6, 0);
insert into `programas`(`ID`,`NOMBRE`,`FACULTAD`, `estado`) values (5,'Ciencia Política',7, 0);
insert into `programas`(`ID`,`NOMBRE`,`FACULTAD`, `estado`) values (6,'Comunicación Social',7, 0);
insert into `programas`(`ID`,`NOMBRE`,`FACULTAD`, `estado`) values (7,'Contaduría Pública',4, 0);
insert into `programas`(`ID`,`NOMBRE`,`FACULTAD`, `estado`) values (8,'Derecho',7, 0);
insert into `programas`(`ID`,`NOMBRE`,`FACULTAD`, `estado`) values (9,'Diseño Gráfico',1, 0);
insert into `programas`(`ID`,`NOMBRE`,`FACULTAD`, `estado`) values (10,'Dirección de Banda',1, 0);
insert into `programas`(`ID`,`NOMBRE`,`FACULTAD`, `estado`) values (11,'Economía',4, 0);
insert into `programas`(`ID`,`NOMBRE`,`FACULTAD`, `estado`) values (12,'Enfermería',3, 0);
insert into `programas`(`ID`,`NOMBRE`,`FACULTAD`, `estado`) values (13,'Filosofía',5, 0);
insert into `programas`(`ID`,`NOMBRE`,`FACULTAD`, `estado`) values (14,'Fisioterapia',3, 0);
insert into `programas`(`ID`,`NOMBRE`,`FACULTAD`, `estado`) values (15,'Fonoaudiología',3, 0);
insert into `programas`(`ID`,`NOMBRE`,`FACULTAD`, `estado`) values (16,'Geografía',5, 0);
insert into `programas`(`ID`,`NOMBRE`,`FACULTAD`, `estado`) values (17,'Geotecnología',8, 0);
insert into `programas`(`ID`,`NOMBRE`,`FACULTAD`, `estado`) values (18,'Historia',5, 0);
insert into `programas`(`ID`,`NOMBRE`,`FACULTAD`, `estado`) values (19,'Ingeniería Agroindustrial',2, 0);
insert into `programas`(`ID`,`NOMBRE`,`FACULTAD`, `estado`) values (20,'Ingeniería Agropecuaria',2, 0);
insert into `programas`(`ID`,`NOMBRE`,`FACULTAD`, `estado`) values (21,'Ingeniería Ambiental',8, 0);
insert into `programas`(`ID`,`NOMBRE`,`FACULTAD`, `estado`) values (22,'Ingeniería Civil',8, 0);
insert into `programas`(`ID`,`NOMBRE`,`FACULTAD`, `estado`) values (23,'Ingeniería Electrónica y Telecomunicaciones',9, 0);
insert into `programas`(`ID`,`NOMBRE`,`FACULTAD`, `estado`) values (24,'Ingeniería Forestal',2, 0);
insert into `programas`(`ID`,`NOMBRE`,`FACULTAD`, `estado`) values (25,'Ingeniería Física',6, 0);
insert into `programas`(`ID`,`NOMBRE`,`FACULTAD`, `estado`) values (26,'Ingeniería de Sistemas',9, 0);
insert into `programas`(`ID`,`NOMBRE`,`FACULTAD`, `estado`) values (27,'Ingeniería en Automática Industrial',9, 0);
insert into `programas`(`ID`,`NOMBRE`,`FACULTAD`, `estado`) values (28,'Lenguas Modernas',5, 0);
insert into `programas`(`ID`,`NOMBRE`,`FACULTAD`, `estado`) values (29,'Licenciatura en Educación Básica con Énfasis en Ciencias Naturales y Educación Ambiental',6, 0);
insert into `programas`(`ID`,`NOMBRE`,`FACULTAD`, `estado`) values (30,'Licenciatura en Educación Básica con Énfasis en Educación Artística',6, 0);
insert into `programas`(`ID`,`NOMBRE`,`FACULTAD`, `estado`) values (31,'Licenciatura en Educación Básica con Énfasis en Educación Física, Recreación y Deportes',6, 0);
insert into `programas`(`ID`,`NOMBRE`,`FACULTAD`, `estado`) values (32,'Licenciatura en Educación Básica con Énfasis en Lengua Castellana e Inglés',6, 0);
insert into `programas`(`ID`,`NOMBRE`,`FACULTAD`, `estado`) values (33,'Licenciatura en Español y Literatura',5, 0);
insert into `programas`(`ID`,`NOMBRE`,`FACULTAD`, `estado`) values (34,'Licenciatura en Etnoeducación',5, 0);
insert into `programas`(`ID`,`NOMBRE`,`FACULTAD`, `estado`) values (35,'Licenciatura en Lingüística y Semiótica (Santander de Quilichao)',5, 0);
insert into `programas`(`ID`,`NOMBRE`,`FACULTAD`, `estado`) values (36,'Licenciatura en Matemáticas',6, 0);
insert into `programas`(`ID`,`NOMBRE`,`FACULTAD`, `estado`) values (37,'Licenciatura en Música',1, 0);
insert into `programas`(`ID`,`NOMBRE`,`FACULTAD`, `estado`) values (38,'Música Instrumental',1, 0);
insert into `programas`(`ID`,`NOMBRE`,`FACULTAD`, `estado`) values (39,'Matemáticas',6, 0);
insert into `programas`(`ID`,`NOMBRE`,`FACULTAD`, `estado`) values (40,'Medicina',3, 0);
insert into `programas`(`ID`,`NOMBRE`,`FACULTAD`, `estado`) values (41,'Química',6, 0);
insert into `programas`(`ID`,`NOMBRE`,`FACULTAD`, `estado`) values (42,'Tecnología Agroindustrial',2, 0);
insert into `programas`(`ID`,`NOMBRE`,`FACULTAD`, `estado`) values (43,'Tecnología en Administración Financiera',4, 0);
insert into `programas`(`ID`,`NOMBRE`,`FACULTAD`, `estado`) values (44,'Tecnología en Telemática',9, 0);
insert into `programas`(`ID`,`NOMBRE`,`FACULTAD`, `estado`) values (45,'Turismo',4, 0);
insert into `programas`(`ID`,`NOMBRE`,`FACULTAD`, `estado`) values (46,'Postgrado, maestria, doctorado',1, 0);
insert into `programas`(`ID`,`NOMBRE`,`FACULTAD`, `estado`) values (47,'Postgrado, maestria, doctorado',2, 0);
insert into `programas`(`ID`,`NOMBRE`,`FACULTAD`, `estado`) values (48,'Postgrado, maestria, doctorado',3, 0);
insert into `programas`(`ID`,`NOMBRE`,`FACULTAD`, `estado`) values (49,'Postgrado, maestria, doctorado',4, 0);
insert into `programas`(`ID`,`NOMBRE`,`FACULTAD`, `estado`) values (50,'Postgrado, maestria, doctorado',5, 0);
insert into `programas`(`ID`,`NOMBRE`,`FACULTAD`, `estado`) values (51,'Postgrado, maestria, doctorado',6, 0);
insert into `programas`(`ID`,`NOMBRE`,`FACULTAD`, `estado`) values (52,'Postgrado, maestria, doctorado',7, 0);
insert into `programas`(`ID`,`NOMBRE`,`FACULTAD`, `estado`) values (53,'Postgrado, maestria, doctorado',8, 0);
insert into `programas`(`ID`,`NOMBRE`,`FACULTAD`, `estado`) values (54,'Postgrado, maestria, doctorado',9, 0);

insert into `paciente`(`ID`,`FECHA_APERTURA`,`NOMBRE1`,`NOMBRE2`,`APELLIDO1`,`APELLIDO2`,`TIPO_IDENTIFICACION`,`IDENTIFICACION`,`SEXO`,`FECHA_NACIMIENTO`,`DEPTO_NACIMIENTO`,`MUNICIPIO_NACIMIENTO`,`DIRECCION`,`TELEFONO`,`DEPTO_RESIDENCIA`,`MUNICIPIO_RESIDENCIA`,`ZONA_RESIDENCIA`,`EPS`,`TIPO_REGIMEN`,`TIPO_AFILIADO`,`CATEGORIA_AFILIADO`,`ESTRATO`,`PERSONA_RESPONSABLE`,`PARENTESCO`,`DIRECCION_PRESPONSABLE`,`TELEFONO_PRESPONSABLE`,`RAZA`,`ESCOLARIDAD`,`ESTADO_CIVIL`,`OCUPACION`,`ESTADO`,`CARPETA`,`FACULTAD`,`PROGRAMA`) values (4,'2013-02-05','PABLO','','PEREZ','SEBUNDOI','CC','1234567','M','1995-01-26',19,'1','POPAYAN','8306404',19,'1','U',4,1,1,1,2,'PABLO PEREZ',10,'POPAYAN','8306404',1,8,1,'Estudiante','1',null,1,9);
insert into `paciente`(`ID`,`FECHA_APERTURA`,`NOMBRE1`,`NOMBRE2`,`APELLIDO1`,`APELLIDO2`,`TIPO_IDENTIFICACION`,`IDENTIFICACION`,`SEXO`,`FECHA_NACIMIENTO`,`DEPTO_NACIMIENTO`,`MUNICIPIO_NACIMIENTO`,`DIRECCION`,`TELEFONO`,`DEPTO_RESIDENCIA`,`MUNICIPIO_RESIDENCIA`,`ZONA_RESIDENCIA`,`EPS`,`TIPO_REGIMEN`,`TIPO_AFILIADO`,`CATEGORIA_AFILIADO`,`ESTRATO`,`PERSONA_RESPONSABLE`,`PARENTESCO`,`DIRECCION_PRESPONSABLE`,`TELEFONO_PRESPONSABLE`,`RAZA`,`ESCOLARIDAD`,`ESTADO_CIVIL`,`OCUPACION`,`ESTADO`,`CARPETA`,`FACULTAD`,`PROGRAMA`) values (5,'2013-02-05','ANDRES','ALEJANDRO','DIAZ','MORALES','CC','10297003','M','1982-07-12',19,'5','CALLE 8B NO18-25','3117351231',19,'1','U',2,4,4,1,2,'GUILLERMO A .DIAZ MORALES',null,'CALLE 8B NO 18-25','3117351231',4,10,1,'ESTUDIANTE','1','10297003',3,7);
insert into `paciente`(`ID`,`FECHA_APERTURA`,`NOMBRE1`,`NOMBRE2`,`APELLIDO1`,`APELLIDO2`,`TIPO_IDENTIFICACION`,`IDENTIFICACION`,`SEXO`,`FECHA_NACIMIENTO`,`DEPTO_NACIMIENTO`,`MUNICIPIO_NACIMIENTO`,`DIRECCION`,`TELEFONO`,`DEPTO_RESIDENCIA`,`MUNICIPIO_RESIDENCIA`,`ZONA_RESIDENCIA`,`EPS`,`TIPO_REGIMEN`,`TIPO_AFILIADO`,`CATEGORIA_AFILIADO`,`ESTRATO`,`PERSONA_RESPONSABLE`,`PARENTESCO`,`DIRECCION_PRESPONSABLE`,`TELEFONO_PRESPONSABLE`,`RAZA`,`ESCOLARIDAD`,`ESTADO_CIVIL`,`OCUPACION`,`ESTADO`,`CARPETA`,`FACULTAD`,`PROGRAMA`) values (6,'2013-02-05','SANDRA','JULIANA','PANTOJA','SANTACRUZ','CC','1061713518','F','1998-07-28',19,'1','CRA 22B 12-28','3104876424',19,'1','U',1,4,4,1,2,'NUBIA URREA',null,'PALACE','8209800',4,5,1,'ESTUDIANTE','1',null,2,19);
insert into `paciente`(`ID`,`FECHA_APERTURA`,`NOMBRE1`,`NOMBRE2`,`APELLIDO1`,`APELLIDO2`,`TIPO_IDENTIFICACION`,`IDENTIFICACION`,`SEXO`,`FECHA_NACIMIENTO`,`DEPTO_NACIMIENTO`,`MUNICIPIO_NACIMIENTO`,`DIRECCION`,`TELEFONO`,`DEPTO_RESIDENCIA`,`MUNICIPIO_RESIDENCIA`,`ZONA_RESIDENCIA`,`EPS`,`TIPO_REGIMEN`,`TIPO_AFILIADO`,`CATEGORIA_AFILIADO`,`ESTRATO`,`PERSONA_RESPONSABLE`,`PARENTESCO`,`DIRECCION_PRESPONSABLE`,`TELEFONO_PRESPONSABLE`,`RAZA`,`ESCOLARIDAD`,`ESTADO_CIVIL`,`OCUPACION`,`ESTADO`,`CARPETA`,`FACULTAD`,`PROGRAMA`) values (7,'2013-02-06','NGIE','NATHALIA','GALVIS','VIDAL','CC','1061758875','F','1993-05-07',19,'1','CRA 19 NO 8B-06','8212595',19,'1','U',1,5,4,1,2,'VICTOR G. GALVIS Y JENNY VIDAL',3,'CRA 19 NO 8B-06','8212595',4,10,1,'ES','1','1061758875',5,18);
insert into `paciente`(`ID`,`FECHA_APERTURA`,`NOMBRE1`,`NOMBRE2`,`APELLIDO1`,`APELLIDO2`,`TIPO_IDENTIFICACION`,`IDENTIFICACION`,`SEXO`,`FECHA_NACIMIENTO`,`DEPTO_NACIMIENTO`,`MUNICIPIO_NACIMIENTO`,`DIRECCION`,`TELEFONO`,`DEPTO_RESIDENCIA`,`MUNICIPIO_RESIDENCIA`,`ZONA_RESIDENCIA`,`EPS`,`TIPO_REGIMEN`,`TIPO_AFILIADO`,`CATEGORIA_AFILIADO`,`ESTRATO`,`PERSONA_RESPONSABLE`,`PARENTESCO`,`DIRECCION_PRESPONSABLE`,`TELEFONO_PRESPONSABLE`,`RAZA`,`ESCOLARIDAD`,`ESTADO_CIVIL`,`OCUPACION`,`ESTADO`,`CARPETA`,`FACULTAD`,`PROGRAMA`) values (8,'2013-02-06','FRANCISCO','JAVIER','ECHEVERRI','HENAO','CC','1061742602','M','1991-10-30',19,'1','CALLE 25 NTE NO 3-26','8230862',19,'1','U',1,5,4,1,2,'IRMA ECHEVERRY',3,'CALLE 25 NTE NO 3-26','8230862',4,10,1,'ESTUDIANTE','1','1061742602',2,19);
insert into `paciente`(`ID`,`FECHA_APERTURA`,`NOMBRE1`,`NOMBRE2`,`APELLIDO1`,`APELLIDO2`,`TIPO_IDENTIFICACION`,`IDENTIFICACION`,`SEXO`,`FECHA_NACIMIENTO`,`DEPTO_NACIMIENTO`,`MUNICIPIO_NACIMIENTO`,`DIRECCION`,`TELEFONO`,`DEPTO_RESIDENCIA`,`MUNICIPIO_RESIDENCIA`,`ZONA_RESIDENCIA`,`EPS`,`TIPO_REGIMEN`,`TIPO_AFILIADO`,`CATEGORIA_AFILIADO`,`ESTRATO`,`PERSONA_RESPONSABLE`,`PARENTESCO`,`DIRECCION_PRESPONSABLE`,`TELEFONO_PRESPONSABLE`,`RAZA`,`ESCOLARIDAD`,`ESTADO_CIVIL`,`OCUPACION`,`ESTADO`,`CARPETA`,`FACULTAD`,`PROGRAMA`) values (9,'2013-02-06','NAUDY','PAOLA','ARBOLEDA','PALOMINO','CC','1112218761','M','1985-03-03',19,'9','CRA 5 NO 10-37 EL EMPEDRADO','8388966-3165389970',19,'1','U',2,2,2,4,2,'MARINO ARBOLEDA',1,'TIMBIQUI','3164955103-HERMANA',2,10,1,'Docente','1','1112218761',1,8);
insert into `paciente`(`ID`,`FECHA_APERTURA`,`NOMBRE1`,`NOMBRE2`,`APELLIDO1`,`APELLIDO2`,`TIPO_IDENTIFICACION`,`IDENTIFICACION`,`SEXO`,`FECHA_NACIMIENTO`,`DEPTO_NACIMIENTO`,`MUNICIPIO_NACIMIENTO`,`DIRECCION`,`TELEFONO`,`DEPTO_RESIDENCIA`,`MUNICIPIO_RESIDENCIA`,`ZONA_RESIDENCIA`,`EPS`,`TIPO_REGIMEN`,`TIPO_AFILIADO`,`CATEGORIA_AFILIADO`,`ESTRATO`,`PERSONA_RESPONSABLE`,`PARENTESCO`,`DIRECCION_PRESPONSABLE`,`TELEFONO_PRESPONSABLE`,`RAZA`,`ESCOLARIDAD`,`ESTADO_CIVIL`,`OCUPACION`,`ESTADO`,`CARPETA`,`FACULTAD`,`PROGRAMA`) values (10,'2013-02-06','VILMA','ROCIO','ALARCON','BAMBAGUE','CC','1061722812','F','1989-09-05',31,'1','CALLE 19BN-2-46','3015909102',19,'1','U',1,5,4,1,2,'LUIS ARIEL ALARCON',3,'CRA 6 NO 5-61','3204913131',4,10,1,'ESTUDIANTE','1','1061722812',8,21);
insert into `paciente`(`ID`,`FECHA_APERTURA`,`NOMBRE1`,`NOMBRE2`,`APELLIDO1`,`APELLIDO2`,`TIPO_IDENTIFICACION`,`IDENTIFICACION`,`SEXO`,`FECHA_NACIMIENTO`,`DEPTO_NACIMIENTO`,`MUNICIPIO_NACIMIENTO`,`DIRECCION`,`TELEFONO`,`DEPTO_RESIDENCIA`,`MUNICIPIO_RESIDENCIA`,`ZONA_RESIDENCIA`,`EPS`,`TIPO_REGIMEN`,`TIPO_AFILIADO`,`CATEGORIA_AFILIADO`,`ESTRATO`,`PERSONA_RESPONSABLE`,`PARENTESCO`,`DIRECCION_PRESPONSABLE`,`TELEFONO_PRESPONSABLE`,`RAZA`,`ESCOLARIDAD`,`ESTADO_CIVIL`,`OCUPACION`,`ESTADO`,`CARPETA`,`FACULTAD`,`PROGRAMA`) values (11,'2013-02-06','JORGE','ENRIQUE','BENAVIDES','CORREA','CC','19385965','M','1957-12-11',11,'1','CALLE 70 NO 5-78. LA PAZ','3105392944',19,'1','U',1,5,4,1,2,'JORGE E. BENAVIDES CORREA.',10,'CALLE 70 NO 5-78. LA PAZ','3105392944',4,10,1,'ESTUDIANTE','1','19385965',1,6);
insert into `paciente`(`ID`,`FECHA_APERTURA`,`NOMBRE1`,`NOMBRE2`,`APELLIDO1`,`APELLIDO2`,`TIPO_IDENTIFICACION`,`IDENTIFICACION`,`SEXO`,`FECHA_NACIMIENTO`,`DEPTO_NACIMIENTO`,`MUNICIPIO_NACIMIENTO`,`DIRECCION`,`TELEFONO`,`DEPTO_RESIDENCIA`,`MUNICIPIO_RESIDENCIA`,`ZONA_RESIDENCIA`,`EPS`,`TIPO_REGIMEN`,`TIPO_AFILIADO`,`CATEGORIA_AFILIADO`,`ESTRATO`,`PERSONA_RESPONSABLE`,`PARENTESCO`,`DIRECCION_PRESPONSABLE`,`TELEFONO_PRESPONSABLE`,`RAZA`,`ESCOLARIDAD`,`ESTADO_CIVIL`,`OCUPACION`,`ESTADO`,`CARPETA`,`FACULTAD`,`PROGRAMA`) values (12,'2013-01-28','DIANA','MARCELA','MUÑOZ','ELVIRA','CC','1061707603','F','1988-05-11',19,'1','CRA 13 3-04','3136628683',19,'1','R',1,5,4,1,2,'NUBIA URREA',10,'PALACE','8332051',4,10,1,'Estudiante','1',null,1,6);
insert into `paciente`(`ID`,`FECHA_APERTURA`,`NOMBRE1`,`NOMBRE2`,`APELLIDO1`,`APELLIDO2`,`TIPO_IDENTIFICACION`,`IDENTIFICACION`,`SEXO`,`FECHA_NACIMIENTO`,`DEPTO_NACIMIENTO`,`MUNICIPIO_NACIMIENTO`,`DIRECCION`,`TELEFONO`,`DEPTO_RESIDENCIA`,`MUNICIPIO_RESIDENCIA`,`ZONA_RESIDENCIA`,`EPS`,`TIPO_REGIMEN`,`TIPO_AFILIADO`,`CATEGORIA_AFILIADO`,`ESTRATO`,`PERSONA_RESPONSABLE`,`PARENTESCO`,`DIRECCION_PRESPONSABLE`,`TELEFONO_PRESPONSABLE`,`RAZA`,`ESCOLARIDAD`,`ESTADO_CIVIL`,`OCUPACION`,`ESTADO`,`CARPETA`,`FACULTAD`,`PROGRAMA`) values (13,'2013-02-06','CARMEN','STELLA','HOYOS','FERNANDEZ','CC','34550322','F','1967-01-13',19,'1','CALLE 25 NO 10-111 EL DEAN','8367473',19,'1','U',1,1,1,1,2,'CARMEN S HOYOS FERNANDEZ',10,'CALLE 25 NO 10-111 EL DEAN','8367473',4,10,3,'ESTUDIANTE','1','34550322',1,30);
insert into `paciente`(`ID`,`FECHA_APERTURA`,`NOMBRE1`,`NOMBRE2`,`APELLIDO1`,`APELLIDO2`,`TIPO_IDENTIFICACION`,`IDENTIFICACION`,`SEXO`,`FECHA_NACIMIENTO`,`DEPTO_NACIMIENTO`,`MUNICIPIO_NACIMIENTO`,`DIRECCION`,`TELEFONO`,`DEPTO_RESIDENCIA`,`MUNICIPIO_RESIDENCIA`,`ZONA_RESIDENCIA`,`EPS`,`TIPO_REGIMEN`,`TIPO_AFILIADO`,`CATEGORIA_AFILIADO`,`ESTRATO`,`PERSONA_RESPONSABLE`,`PARENTESCO`,`DIRECCION_PRESPONSABLE`,`TELEFONO_PRESPONSABLE`,`RAZA`,`ESCOLARIDAD`,`ESTADO_CIVIL`,`OCUPACION`,`ESTADO`,`CARPETA`,`FACULTAD`,`PROGRAMA`) values (14,'2013-02-06','JENSY','CAROLINA','SOLANO','CORREA','CC','1061730848','F','1990-08-10',19,'1','CRA 39 N 3-29','8363874',19,'1','U',1,5,4,1,2,'NANCY M. CORREA VASQUEZ',3,'CRA 39 N 3-29','8363874',4,10,1,'ESTUDIANTE','1','1061730848',9,27);
insert into `paciente`(`ID`,`FECHA_APERTURA`,`NOMBRE1`,`NOMBRE2`,`APELLIDO1`,`APELLIDO2`,`TIPO_IDENTIFICACION`,`IDENTIFICACION`,`SEXO`,`FECHA_NACIMIENTO`,`DEPTO_NACIMIENTO`,`MUNICIPIO_NACIMIENTO`,`DIRECCION`,`TELEFONO`,`DEPTO_RESIDENCIA`,`MUNICIPIO_RESIDENCIA`,`ZONA_RESIDENCIA`,`EPS`,`TIPO_REGIMEN`,`TIPO_AFILIADO`,`CATEGORIA_AFILIADO`,`ESTRATO`,`PERSONA_RESPONSABLE`,`PARENTESCO`,`DIRECCION_PRESPONSABLE`,`TELEFONO_PRESPONSABLE`,`RAZA`,`ESCOLARIDAD`,`ESTADO_CIVIL`,`OCUPACION`,`ESTADO`,`CARPETA`,`FACULTAD`,`PROGRAMA`) values (15,'2013-02-06','JAIRO','ALBERTO','URREA','PITO','CC','1061686182','M','1986-04-17',19,'1','CRA 40 B NO 4-36 LA MARIA','3162063263',19,'1','U',1,5,4,1,2,'JAIRO A. URREA PITO',10,'CRA 40 B NO 4-36 LA MARIA','3162063263',4,10,1,'ESTUDIANTE','1','1061686182',9,26);
insert into `paciente`(`ID`,`FECHA_APERTURA`,`NOMBRE1`,`NOMBRE2`,`APELLIDO1`,`APELLIDO2`,`TIPO_IDENTIFICACION`,`IDENTIFICACION`,`SEXO`,`FECHA_NACIMIENTO`,`DEPTO_NACIMIENTO`,`MUNICIPIO_NACIMIENTO`,`DIRECCION`,`TELEFONO`,`DEPTO_RESIDENCIA`,`MUNICIPIO_RESIDENCIA`,`ZONA_RESIDENCIA`,`EPS`,`TIPO_REGIMEN`,`TIPO_AFILIADO`,`CATEGORIA_AFILIADO`,`ESTRATO`,`PERSONA_RESPONSABLE`,`PARENTESCO`,`DIRECCION_PRESPONSABLE`,`TELEFONO_PRESPONSABLE`,`RAZA`,`ESCOLARIDAD`,`ESTADO_CIVIL`,`OCUPACION`,`ESTADO`,`CARPETA`,`FACULTAD`,`PROGRAMA`) values (16,'2013-02-06','JULIAN','ANDRES','ATENCIO','MOLINA','CC','76333204','M','1979-09-13',19,'1','CRA 41 A NO 3-24 MARIA OCCIDENTE','8366879',19,'1','U',1,5,4,1,2,'JULIANA A. ATENCIO MOLINA',10,'CRA 41 A NO 3-24 MARIA OCCIDENTE','8366879',4,10,3,'ESTUDIANTE','1','76333204',9,26);
insert into `paciente`(`ID`,`FECHA_APERTURA`,`NOMBRE1`,`NOMBRE2`,`APELLIDO1`,`APELLIDO2`,`TIPO_IDENTIFICACION`,`IDENTIFICACION`,`SEXO`,`FECHA_NACIMIENTO`,`DEPTO_NACIMIENTO`,`MUNICIPIO_NACIMIENTO`,`DIRECCION`,`TELEFONO`,`DEPTO_RESIDENCIA`,`MUNICIPIO_RESIDENCIA`,`ZONA_RESIDENCIA`,`EPS`,`TIPO_REGIMEN`,`TIPO_AFILIADO`,`CATEGORIA_AFILIADO`,`ESTRATO`,`PERSONA_RESPONSABLE`,`PARENTESCO`,`DIRECCION_PRESPONSABLE`,`TELEFONO_PRESPONSABLE`,`RAZA`,`ESCOLARIDAD`,`ESTADO_CIVIL`,`OCUPACION`,`ESTADO`,`CARPETA`,`FACULTAD`,`PROGRAMA`) values (17,'2013-02-06','CYNDI','PAOLA','GUERRERO','DELGADO','CC','1061703766','F','1988-12-16',19,'1','MOSCOPAN TORRE A8 APTO 303.','3133664318',19,'1','U',1,5,4,1,2,'JAIME GUERRERO Y CLAUDIA DELGA',3,'MOSCOPAN TORRE A8 APTO 303.','3133664318',4,10,1,'ESTUDIANTE','1','1061703766',1,8);
insert into `paciente`(`ID`,`FECHA_APERTURA`,`NOMBRE1`,`NOMBRE2`,`APELLIDO1`,`APELLIDO2`,`TIPO_IDENTIFICACION`,`IDENTIFICACION`,`SEXO`,`FECHA_NACIMIENTO`,`DEPTO_NACIMIENTO`,`MUNICIPIO_NACIMIENTO`,`DIRECCION`,`TELEFONO`,`DEPTO_RESIDENCIA`,`MUNICIPIO_RESIDENCIA`,`ZONA_RESIDENCIA`,`EPS`,`TIPO_REGIMEN`,`TIPO_AFILIADO`,`CATEGORIA_AFILIADO`,`ESTRATO`,`PERSONA_RESPONSABLE`,`PARENTESCO`,`DIRECCION_PRESPONSABLE`,`TELEFONO_PRESPONSABLE`,`RAZA`,`ESCOLARIDAD`,`ESTADO_CIVIL`,`OCUPACION`,`ESTADO`,`CARPETA`,`FACULTAD`,`PROGRAMA`) values (18,'2013-02-07','JILMAR','ANDREI','MUELAS','CALAMBAS','CC','10611430361','M','1989-06-06',19,'3','RESIDENCIAS UNIVERSITARIAS','3147767984',19,'1','U',1,5,4,1,2,'MARIO MUELAS Y ANA M CALAMBAS',3,'VEREDA JUAN ANBU','3147767984 ESTUDIANTE',3,10,1,'ESTUDIANTE','1','10611430361',1,31);
insert into `paciente`(`ID`,`FECHA_APERTURA`,`NOMBRE1`,`NOMBRE2`,`APELLIDO1`,`APELLIDO2`,`TIPO_IDENTIFICACION`,`IDENTIFICACION`,`SEXO`,`FECHA_NACIMIENTO`,`DEPTO_NACIMIENTO`,`MUNICIPIO_NACIMIENTO`,`DIRECCION`,`TELEFONO`,`DEPTO_RESIDENCIA`,`MUNICIPIO_RESIDENCIA`,`ZONA_RESIDENCIA`,`EPS`,`TIPO_REGIMEN`,`TIPO_AFILIADO`,`CATEGORIA_AFILIADO`,`ESTRATO`,`PERSONA_RESPONSABLE`,`PARENTESCO`,`DIRECCION_PRESPONSABLE`,`TELEFONO_PRESPONSABLE`,`RAZA`,`ESCOLARIDAD`,`ESTADO_CIVIL`,`OCUPACION`,`ESTADO`,`CARPETA`,`FACULTAD`,`PROGRAMA`) values (19,'2013-02-07','ANYI','TATIANA','ZUÑIGA','-','CC','1061701280','F','1986-08-27',19,'1','CRA 21 8-34','3137060790',19,'1','U',1,1,2,1,2,'MABEL ZUÑIGA',3,'CRA 21 8-34','3172956821',4,10,1,'ESTUDIANTE','1',null,8,21);
insert into `paciente`(`ID`,`FECHA_APERTURA`,`NOMBRE1`,`NOMBRE2`,`APELLIDO1`,`APELLIDO2`,`TIPO_IDENTIFICACION`,`IDENTIFICACION`,`SEXO`,`FECHA_NACIMIENTO`,`DEPTO_NACIMIENTO`,`MUNICIPIO_NACIMIENTO`,`DIRECCION`,`TELEFONO`,`DEPTO_RESIDENCIA`,`MUNICIPIO_RESIDENCIA`,`ZONA_RESIDENCIA`,`EPS`,`TIPO_REGIMEN`,`TIPO_AFILIADO`,`CATEGORIA_AFILIADO`,`ESTRATO`,`PERSONA_RESPONSABLE`,`PARENTESCO`,`DIRECCION_PRESPONSABLE`,`TELEFONO_PRESPONSABLE`,`RAZA`,`ESCOLARIDAD`,`ESTADO_CIVIL`,`OCUPACION`,`ESTADO`,`CARPETA`,`FACULTAD`,`PROGRAMA`) values (64,'2016-12-20','Juan','Manuel','Caicedo','Caicedo','CC','1062310500','M','1993-10-20',1,'1','calle','311',1,'1','U',1,1,1,1,1,'Elcy',1,'calle','311',2,5,1,'Estudiante','1',null,3,12);
